What,Something
What,Something
What,Something
What,Something
What,Something
What,Something
What,Something
What,Something
What,Something
What,Something
What,Something
What,Something
What,Something
What,Something
What,Something
What,Something
What,Something
What,Something
What,Something
What,Something
What,Something
What,Something
What,Something
What,Something
What,Something
What,Something
What,Something
What,Something
What,Something
What,Something
What,Something
What,Something
What,Something
What,Something
What,Something
What,Something
What,Something
What,Something
What,Something
What,Something
What,Something
What,Something
What,Something
What,Something
What,Something
What,Something
What,Something
What,Something
What,Something
What,Something
What,Something
What,Something
What,Something
What,Something
What,Something
What,Something
What,Something
What,Something
What,Something
What,Something
What,Something
What,Something
What,Something
What,Something
What,Something
What,Something
What,Something
What,Something
What,Something
What,Something
What,Something
What,Something
What,Something
What,Something
What,Something
What,Something
What,Something
What,Something
What,Something
What,Something
What,Something
What,Something
What,Something
What,Something
What,Something
What,Something
What,Something
What,Something
What,Something
What,Something
What,Something
What,Something
What,Something
What,Something
What,Something
What,Something
What,Something
What,Something
What,Something
What,Something
What,Something
What,Something
What,Something
What,Something
What,Something
What,Something
What,Something
What,Something
What,Something
What,Something
What,Something
What,Something
What,Something
What,Something
What,Something
What,Something
What,Something
What,Something
What,Something
What,Something
What,Something
What,Something
What,Something
What,Something
What,Something
What,Something
What,Something
What,Something
What,Something
What,Something
What,Something
What,Something
What,Something
What,Something
What,Something
What,Something
What,Something
What,Something
What,Something
What,Something
What,Something
What,Something
What,Something
What,Something
What,Something
What,Something
What,Something
What,Something
What,Something
What,Something
What,Something
What,Something
What,Something
What,Something
What,Something
What,Something
What,Something
What,Something
What,Something
What,Something
What,Something
What,Something
What,Something
What,Something
What,Something
What,Something
What,Something
What,Something
What,Something
What,Something
What,Something
What,Something
What,Something
What,Something
What,Something
What,Something
What,Something
What,Something
What,Something
What,Something
What,Something
What,Something
What,Something
What,Something
What,Something
What,Something
What,Something
What,Something
What,Something
What,Something
What,Something
What,Something
What,Something
What,Something
What,Something
What,Something
What,Something
What,Something
What,Something
What,Something
What,Something
What,Something
What,Something
What,Something
What,Something
What,Something
What,Something
What,Something
What,Something
What,Something
What,Something
What,Something
What,Something
What,Something
What,Something
What,Something
What,Something
What,Something
What,Something
What,Something
What,Something
What,Something
What,Something
What,Something
What,Something
What,Something
What,Something
What,Something
What,Something
What,Something
What,Something
What,Something
What,Something
What,Something
What,Something
What,Something
What,Something
What,Something
What,Something
What,Something
What,Something
What,Something
What,Something
What,Something
What,Something
What,Something
What,Something
What,Something
What,Something
What,Something
What,Something
What,Something
What,Something
What,Something
What,Something
What,Something
What,Something
What,Something
What,Something
What,Something
What,Something
What,Something
What,Something
What,Something
What,Something
What,Something
What,Something
What,Something
What,Something
What,Something
What,Something
What,Something
What,Something
What,Something
What,Something
What,Something
What,Something
What,Something
What,Something
What,Something
What,Something
What,Something
What,Something
What,Something
What,Something
What,Something
What,Something
What,Something
What,Something
What,Something
What,Something
What,Something
What,Something
What,Something
What,Something
What,Something
What,Something
What,Something
What,Something
What,Something
What,Something
What,Something
What,Something
What,Something
What,Something
What,Something
What,Something
What,Something
What,Something
What,Something
What,Something
What,Something
What,Something
What,Something
What,Something
What,Something
What,Something
What,Something
What,Something
What,Something
What,Something
What,Something
What,Something
What,Something
What,Something
What,Something
What,Something
What,Something
What,Something
What,Something
What,Something
What,Something
What,Something
What,Something
What,Something
What,Something
What,Something
What,Something
What,Something
What,Something
What,Something
What,Something
What,Something
What,Something
What,Something
What,Something
What,Something
What,Something
What,Something
What,Something
What,Something
What,Something
What,Something
What,Something
What,Something
What,Something
What,Something
What,Something
What,Something
What,Something
What,Something
What,Something
What,Something
What,Something
What,Something
What,Something
What,Something
What,Something
What,Something
What,Something
What,Something
What,Something
What,Something
What,Something
What,Something
What,Something
What,Something
What,Something
What,Something
What,Something
What,Something
What,Something
What,Something
What,Something
What,Something
What,Something
What,Something
What,Something
What,Something
What,Something
What,Something
What,Something
What,Something
What,Something
What,Something
What,Something
What,Something
What,Something
What,Something
What,Something
What,Something
What,Something
What,Something
What,Something
What,Something
What,Something
What,Something
What,Something
What,Something
What,Something
What,Something
What,Something
What,Something
What,Something
What,Something
What,Something
What,Something
What,Something
What,Something
What,Something
What,Something
What,Something
What,Something
What,Something
What,Something
What,Something
What,Something
What,Something
What,Something
What,Something
What,Something
What,Something
What,Something
What,Something
What,Something
What,Something
What,Something
What,Something
What,Something
What,Something
What,Something
What,Something
What,Something
What,Something
What,Something
What,Something
What,Something
What,Something
What,Something
What,Something
What,Something
What,Something
What,Something
What,Something
What,Something
What,Something
What,Something
What,Something
What,Something
What,Something
What,Something
What,Something
What,Something
What,Something
What,Something
What,Something
What,Something
What,Something
What,Something
What,Something
What,Something
What,Something
What,Something
What,Something
What,Something
What,Something
What,Something
What,Something
What,Something
What,Something
What,Something
What,Something
What,Something
What,Something
What,Something
What,Something
What,Something
What,Something
What,Something
What,Something
What,Something
What,Something
What,Something
What,Something
What,Something
What,Something
What,Something
What,Something
What,Something
What,Something
